Keyword,Avg. monthly searches,Three month change,YoY change,Competition,Competition (indexed value)
physical therapy marketing,500,-90%,-90%,Medium,33
physical therapy seo,500,0%,0%,Low,7
physical therapy marketing ideas,50,0%,0%,Low,31
breakthrough pt marketing,50,0%,0%,Medium,53
marketing strategies for physical therapy clinics,50,∞,0%,Medium,43
breakthrough physical therapy marketing,50,0%,0%,Medium,53
physical therapy marketing to physicians,50,-100%,0%,Unknown,
physiotherapy marketing,50,0%,0%,Low,1
pt marketing,50,0%,0%,Medium,38
physical therapy digital marketing,50,0%,0%,Low,7
marketing ideas for physical therapy clinics,50,0%,0%,Medium,57
physical therapy advertising ideas,50,0%,0%,Medium,35
physio marketing,50,0%,0%,Low,1
digital marketing for physiotherapists,50,0%,0%,Low,5
physical therapy marketing strategies,50,0%,0%,Low,0
marketing a physical therapy practice,50,∞,0%,High,79
marketing your physical therapy practice,50,0%,-100%,Unknown,
physiotherapy marketing strategy,50,0%,-100%,Unknown,
seo for physiotherapy,50,0%,0%,Low,6
seo for physiotherapist,50,0%,0%,Low,6
digital marketing for physical therapy,50,0%,0%,Low,24
accelerate physical therapy marketing,50,∞,0%,Low,14
dpt marketing,50,0%,0%,Low,7
marketing physical therapy services,50,0%,-100%,Unknown,
marketing physiotherapy services,50,∞,0%,Low,0
online marketing for physical therapists,50,∞,0%,Low,0
physical therapy marketing materials,50,∞,0%,High,100
physio seo,50,∞,0%,Low,6
physiotherapy marketing ideas,50,0%,-100%,Unknown,
physiotherapy marketing plan,50,-100%,0%,Unknown,
physiotherapy website marketing,50,-100%,-100%,Unknown,
pt marketing ideas,50,0%,0%,Low,31
seo for physical therapists,50,900%,900%,Low,3
seo for physical therapy clinic,50,0%,0%,Low,0
